date,previous,high,low,close,change,volume,value,frequency
2020-10-07T00:00:00,232.0,234.0,222.0,224.0,-8.0,145978900.0,32953556800.0,3910.0
2020-10-08T00:00:00,224.0,226.0,220.0,220.0,-4.0,74496700.0,16533883000.0,2524.0
2020-10-09T00:00:00,220.0,226.0,220.0,226.0,6.0,66035300.0,14747960400.0,2495.0
2020-10-12T00:00:00,226.0,240.0,226.0,232.0,6.0,262812200.0,61196367200.0,7824.0
2020-10-13T00:00:00,232.0,238.0,226.0,232.0,0.0,138899600.0,32224151000.0,3963.0
2020-10-14T00:00:00,232.0,250.0,230.0,238.0,6.0,333751600.0,80101552000.0,10069.0
2020-10-15T00:00:00,238.0,246.0,232.0,234.0,-4.0,152827200.0,36466868400.0,5450.0
2020-10-16T00:00:00,234.0,238.0,232.0,232.0,-2.0,68852700.0,16075022800.0,2269.0
2020-10-19T00:00:00,232.0,234.0,226.0,226.0,-6.0,85002500.0,19491143000.0,3782.0
2020-10-20T00:00:00,226.0,230.0,218.0,220.0,-6.0,101095500.0,22527475800.0,4590.0
2020-10-21T00:00:00,220.0,222.0,218.0,220.0,0.0,62681600.0,13776623600.0,2487.0
2020-10-22T00:00:00,220.0,222.0,216.0,216.0,-4.0,69624700.0,15128149000.0,3034.0
2020-10-23T00:00:00,216.0,228.0,216.0,226.0,10.0,149157600.0,33224126600.0,6208.0
2020-10-26T00:00:00,226.0,242.0,224.0,240.0,14.0,451311600.0,107146133200.0,14049.0
2020-10-27T00:00:00,240.0,242.0,230.0,230.0,-10.0,124249900.0,29203090400.0,4825.0
2020-11-02T00:00:00,230.0,230.0,224.0,226.0,-4.0,78114300.0,17671463400.0,2776.0
2020-11-03T00:00:00,226.0,232.0,224.0,226.0,0.0,70445200.0,16038913400.0,2452.0
2020-11-04T00:00:00,226.0,242.0,226.0,230.0,4.0,232199600.0,54432575600.0,7287.0
2020-11-05T00:00:00,230.0,240.0,230.0,236.0,6.0,151160700.0,35590483400.0,4518.0
2020-11-06T00:00:00,236.0,242.0,232.0,236.0,0.0,117808700.0,27937137400.0,3993.0
2020-11-09T00:00:00,236.0,244.0,234.0,236.0,0.0,100739400.0,24000310400.0,4284.0
2020-11-10T00:00:00,236.0,242.0,236.0,238.0,2.0,156453900.0,37329935000.0,5649.0
2020-11-11T00:00:00,238.0,240.0,234.0,236.0,-2.0,92558000.0,21875081200.0,3633.0
2020-11-12T00:00:00,236.0,238.0,234.0,234.0,-2.0,49380900.0,11612928200.0,2325.0
2020-11-13T00:00:00,234.0,238.0,232.0,238.0,4.0,41495200.0,9746138800.0,1828.0
2020-11-16T00:00:00,238.0,242.0,236.0,238.0,0.0,82025500.0,19592198800.0,3561.0
2020-11-17T00:00:00,238.0,260.0,238.0,258.0,20.0,424553500.0,106585273200.0,14307.0
2020-11-18T00:00:00,258.0,268.0,254.0,254.0,-4.0,231307900.0,60087534800.0,10734.0
2020-11-19T00:00:00,254.0,258.0,252.0,256.0,2.0,80890600.0,20675050200.0,3559.0
2020-11-20T00:00:00,256.0,262.0,248.0,248.0,-8.0,166366400.0,42270621600.0,7038.0
2020-11-23T00:00:00,248.0,262.0,248.0,260.0,12.0,171407200.0,44207703400.0,6510.0
2020-11-24T00:00:00,260.0,284.0,262.0,280.0,20.0,453466700.0,124802472800.0,15570.0
2020-11-25T00:00:00,280.0,288.0,270.0,274.0,-6.0,231550500.0,64242749800.0,9558.0
2020-11-26T00:00:00,274.0,294.0,272.0,292.0,18.0,307550900.0,88086314000.0,9780.0
2020-11-27T00:00:00,292.0,294.0,284.0,288.0,-4.0,143038100.0,41302347000.0,5417.0
2020-11-30T00:00:00,288.0,292.0,268.0,268.0,-20.0,238779600.0,66018723000.0,10975.0
2020-12-01T00:00:00,268.0,282.0,260.0,280.0,12.0,234428400.0,63941010600.0,7441.0
2020-12-02T00:00:00,280.0,286.0,276.0,282.0,2.0,167696100.0,47143778000.0,6258.0
2020-12-03T00:00:00,282.0,298.0,278.0,286.0,4.0,178086000.0,51658250400.0,7705.0
2020-12-04T00:00:00,286.0,290.0,280.0,284.0,-2.0,69524900.0,19717447800.0,3118.0
2020-12-07T00:00:00,284.0,296.0,284.0,288.0,4.0,164789900.0,47809403800.0,5511.0
2020-12-08T00:00:00,288.0,294.0,284.0,286.0,-2.0,85423600.0,24643230000.0,3630.0
2020-12-10T00:00:00,286.0,292.0,280.0,280.0,-6.0,117793200.0,33490814400.0,6245.0
2020-12-11T00:00:00,280.0,284.0,272.0,274.0,-6.0,127998700.0,35344680600.0,6665.0
2020-12-14T00:00:00,274.0,282.0,274.0,278.0,4.0,108734300.0,30190607400.0,4959.0
2020-12-15T00:00:00,278.0,280.0,272.0,276.0,-2.0,65998800.0,18213597000.0,2909.0
2020-12-16T00:00:00,276.0,310.0,276.0,310.0,34.0,680141600.0,203160166000.0,20217.0
2020-12-17T00:00:00,310.0,320.0,302.0,304.0,-6.0,380140100.0,118367506000.0,13079.0
2020-12-18T00:00:00,304.0,330.0,304.0,314.0,10.0,272779400.0,87126639400.0,11260.0
2020-12-21T00:00:00,314.0,328.0,312.0,320.0,6.0,137843600.0,44212791000.0,6173.0
2020-12-22T00:00:00,320.0,328.0,302.0,304.0,-16.0,215790300.0,68006812200.0,8679.0
2020-12-23T00:00:00,304.0,314.0,284.0,300.0,-4.0,258175900.0,77152478800.0,9102.0
2020-12-28T00:00:00,300.0,308.0,296.0,306.0,6.0,170384100.0,51665459200.0,4980.0
2020-12-29T00:00:00,306.0,312.0,300.0,302.0,-4.0,127862200.0,38908334800.0,4727.0
2020-12-30T00:00:00,302.0,304.0,288.0,290.0,-12.0,146788300.0,43361750400.0,6203.0
2021-01-04T00:00:00,290.0,300.0,280.0,292.0,2.0,119986600.0,34829416000.0,6121.0
2021-01-05T00:00:00,292.0,308.0,288.0,300.0,8.0,152977200.0,45913378800.0,5920.0
2021-01-06T00:00:00,300.0,308.0,290.0,300.0,0.0,132607000.0,39767941400.0,5798.0
2021-01-07T00:00:00,300.0,306.0,296.0,298.0,-2.0,123429000.0,37071218600.0,5726.0
2021-01-08T00:00:00,298.0,306.0,294.0,298.0,0.0,172379600.0,51677749600.0,5953.0
2021-01-11T00:00:00,298.0,320.0,296.0,310.0,12.0,375956600.0,116722477600.0,13742.0
2021-01-12T00:00:00,310.0,316.0,304.0,306.0,-4.0,117872200.0,36341268200.0,6361.0
2021-01-13T00:00:00,306.0,310.0,302.0,306.0,0.0,99818200.0,30487052200.0,5604.0
2021-01-14T00:00:00,306.0,308.0,300.0,302.0,-4.0,150028900.0,45590524800.0,9236.0
2021-01-15T00:00:00,302.0,304.0,294.0,296.0,-6.0,102117900.0,30483100000.0,5226.0
2021-01-18T00:00:00,296.0,298.0,286.0,288.0,-8.0,122194300.0,35597000000.0,6449.0
2021-01-19T00:00:00,288.0,292.0,276.0,278.0,-10.0,144766100.0,40635369400.0,6072.0
2021-01-20T00:00:00,278.0,296.0,274.0,290.0,12.0,138611600.0,39866506400.0,5266.0
2021-01-21T00:00:00,290.0,298.0,288.0,290.0,0.0,63376300.0,18477758600.0,3509.0
2021-01-22T00:00:00,290.0,294.0,272.0,280.0,-10.0,125477800.0,35208454200.0,6568.0
2021-01-25T00:00:00,280.0,282.0,266.0,272.0,-8.0,107497700.0,29333107800.0,4981.0
2021-01-26T00:00:00,272.0,278.0,260.0,262.0,-10.0,116476300.0,31194906600.0,6025.0
2021-01-27T00:00:00,262.0,270.0,248.0,256.0,-6.0,119920500.0,30815748600.0,5437.0
2021-01-28T00:00:00,256.0,262.0,240.0,242.0,-14.0,108555000.0,26903046600.0,4896.0
2021-01-29T00:00:00,242.0,256.0,240.0,248.0,6.0,115703900.0,28513492600.0,4224.0
2021-02-01T00:00:00,248.0,266.0,240.0,266.0,18.0,116646700.0,29760390600.0,5654.0
2021-02-02T00:00:00,266.0,278.0,262.0,268.0,2.0,144528600.0,39243872000.0,6734.0
2021-02-03T00:00:00,268.0,274.0,264.0,266.0,-2.0,72803300.0,19609805800.0,3356.0
2021-02-04T00:00:00,266.0,276.0,262.0,270.0,4.0,115993700.0,31182644400.0,3974.0
2021-02-05T00:00:00,270.0,274.0,262.0,268.0,-2.0,149025900.0,39754713200.0,5038.0
2021-02-08T00:00:00,268.0,272.0,266.0,270.0,2.0,62177800.0,16759130000.0,3308.0
2021-02-09T00:00:00,270.0,284.0,266.0,270.0,0.0,157153700.0,43101125400.0,8224.0
2021-02-10T00:00:00,270.0,272.0,266.0,270.0,0.0,35721700.0,9592312400.0,2518.0
2021-02-11T00:00:00,270.0,270.0,264.0,266.0,-4.0,44549500.0,11874270800.0,3287.0
2021-02-15T00:00:00,266.0,274.0,266.0,272.0,6.0,75414300.0,20433073200.0,4477.0
2021-02-16T00:00:00,272.0,278.0,268.0,270.0,-2.0,68161800.0,18544928800.0,3635.0
2021-02-17T00:00:00,270.0,272.0,258.0,264.0,-6.0,84484500.0,22425992400.0,4640.0
2021-02-18T00:00:00,264.0,272.0,260.0,264.0,0.0,46027200.0,12222132000.0,2787.0
2021-02-19T00:00:00,264.0,266.0,258.0,260.0,-4.0,36737500.0,9571282000.0,2656.0
2021-02-22T00:00:00,260.0,264.0,258.0,260.0,0.0,48920800.0,12793010200.0,2115.0
2021-02-23T00:00:00,260.0,264.0,246.0,260.0,0.0,25957600.0,6755613400.0,1971.0
2021-02-24T00:00:00,260.0,262.0,258.0,258.0,-2.0,34335700.0,8892138000.0,2600.0
2021-02-25T00:00:00,258.0,272.0,258.0,266.0,8.0,96654600.0,25609602200.0,4429.0
2021-02-26T00:00:00,266.0,266.0,258.0,262.0,-4.0,51467100.0,13445360600.0,3302.0
2021-03-01T00:00:00,262.0,268.0,262.0,264.0,2.0,50015200.0,13231964000.0,2751.0
2021-03-02T00:00:00,264.0,268.0,262.0,266.0,2.0,37252000.0,9861878800.0,1837.0
2021-03-03T00:00:00,266.0,276.0,262.0,272.0,6.0,122539800.0,33180526200.0,4918.0
2021-03-04T00:00:00,272.0,276.0,266.0,270.0,-2.0,83779600.0,22707097400.0,3587.0
2021-03-05T00:00:00,270.0,270.0,262.0,268.0,-2.0,44908500.0,11970674200.0,2074.0
2021-03-08T00:00:00,268.0,272.0,262.0,264.0,-4.0,26556900.0,7056784000.0,1938.0
2021-03-09T00:00:00,264.0,270.0,262.0,262.0,-2.0,57030900.0,15186418200.0,1824.0
2021-03-10T00:00:00,262.0,268.0,262.0,262.0,0.0,15442800.0,4074243000.0,1296.0
2021-03-12T00:00:00,262.0,266.0,262.0,264.0,2.0,37233200.0,9817380000.0,1793.0
2021-03-15T00:00:00,264.0,270.0,262.0,264.0,0.0,76957300.0,20470769000.0,2676.0
2021-03-16T00:00:00,264.0,272.0,264.0,264.0,0.0,84416500.0,22587520800.0,3467.0
2021-03-17T00:00:00,264.0,268.0,262.0,266.0,2.0,47878500.0,12708912800.0,2425.0
2021-03-18T00:00:00,266.0,272.0,266.0,268.0,2.0,43487000.0,11704491800.0,2036.0
2021-03-19T00:00:00,268.0,276.0,268.0,276.0,8.0,101752100.0,27734241400.0,4323.0
2021-03-22T00:00:00,276.0,290.0,276.0,282.0,6.0,137794600.0,39158751800.0,7413.0
2021-03-23T00:00:00,282.0,288.0,274.0,276.0,-6.0,68759100.0,19395093800.0,3805.0
2021-03-24T00:00:00,276.0,280.0,270.0,272.0,-4.0,45893100.0,12583075400.0,2150.0
2021-03-25T00:00:00,272.0,276.0,264.0,268.0,-4.0,35129900.0,9444600600.0,2211.0
2021-03-26T00:00:00,268.0,278.0,268.0,278.0,10.0,38325300.0,10466621800.0,1792.0
2021-03-29T00:00:00,278.0,282.0,274.0,276.0,-2.0,33254300.0,9255801000.0,2157.0
2021-03-30T00:00:00,276.0,280.0,262.0,266.0,-10.0,96142800.0,25746500000.0,3295.0
2021-03-31T00:00:00,266.0,270.0,254.0,254.0,-12.0,111433500.0,28791568200.0,4844.0
2021-04-01T00:00:00,254.0,262.0,254.0,260.0,6.0,33351500.0,8615611800.0,1829.0
2021-04-05T00:00:00,260.0,264.0,256.0,258.0,-2.0,22597800.0,5848246600.0,1834.0
2021-04-06T00:00:00,258.0,262.0,256.0,262.0,4.0,25235100.0,6543250200.0,1349.0
2021-04-07T00:00:00,262.0,266.0,258.0,260.0,-2.0,20652200.0,5401109400.0,1390.0
2021-04-08T00:00:00,260.0,270.0,260.0,268.0,8.0,37448800.0,9972734600.0,1842.0
2021-04-09T00:00:00,268.0,274.0,266.0,266.0,-2.0,18515000.0,4990205800.0,1715.0
2021-04-12T00:00:00,266.0,268.0,258.0,258.0,-8.0,24512200.0,6404764600.0,1828.0
2021-04-13T00:00:00,258.0,264.0,254.0,262.0,4.0,35897800.0,9283190200.0,2962.0
2021-04-14T00:00:00,262.0,266.0,260.0,264.0,2.0,17843000.0,4697250000.0,1160.0
2021-04-15T00:00:00,264.0,268.0,260.0,262.0,-2.0,17416000.0,4577936400.0,1222.0
2021-04-16T00:00:00,262.0,266.0,260.0,262.0,0.0,10975000.0,2878785200.0,904.0
2021-04-19T00:00:00,262.0,268.0,262.0,264.0,2.0,21348100.0,5636361800.0,1157.0
2021-04-20T00:00:00,264.0,274.0,262.0,272.0,8.0,35596500.0,9540860800.0,1793.0
2021-04-21T00:00:00,272.0,278.0,266.0,270.0,-2.0,63758000.0,17339999800.0,3323.0
2021-04-22T00:00:00,270.0,272.0,266.0,268.0,-2.0,24787800.0,6659961200.0,1060.0
2021-04-23T00:00:00,268.0,272.0,266.0,272.0,4.0,25382500.0,6853121800.0,1159.0
2021-04-26T00:00:00,272.0,274.0,266.0,268.0,-4.0,20440300.0,5509931200.0,1624.0
2021-04-27T00:00:00,268.0,272.0,268.0,268.0,0.0,21374600.0,5762985400.0,1488.0
2021-04-28T00:00:00,268.0,276.0,268.0,272.0,4.0,50097500.0,13706629200.0,3762.0
2021-04-29T00:00:00,272.0,276.0,270.0,274.0,2.0,25457600.0,6949909600.0,1308.0
2021-04-30T00:00:00,274.0,276.0,268.0,268.0,-6.0,25362500.0,6856371800.0,1509.0
2021-05-03T00:00:00,268.0,270.0,266.0,268.0,0.0,13874100.0,3704665000.0,1482.0
2021-05-04T00:00:00,268.0,270.0,264.0,266.0,-2.0,13279200.0,3537837400.0,1081.0
2021-05-05T00:00:00,266.0,272.0,264.0,270.0,4.0,22819800.0,6135880000.0,1522.0
2021-05-06T00:00:00,270.0,272.0,268.0,270.0,0.0,7311200.0,1970497000.0,714.0
2021-05-07T00:00:00,270.0,272.0,266.0,266.0,-4.0,17246300.0,4610639400.0,1222.0
2021-05-10T00:00:00,266.0,270.0,266.0,268.0,2.0,12917900.0,3466959400.0,908.0
2021-05-11T00:00:00,268.0,270.0,266.0,266.0,-2.0,17783900.0,4743170200.0,1084.0
2021-05-17T00:00:00,266.0,268.0,260.0,262.0,-4.0,27640600.0,7272018400.0,2028.0
2021-05-18T00:00:00,262.0,264.0,256.0,260.0,-2.0,22920300.0,5972226400.0,1600.0
2021-05-19T00:00:00,260.0,272.0,258.0,264.0,4.0,81809000.0,21725780000.0,30115.0
2021-05-20T00:00:00,264.0,272.0,264.0,266.0,2.0,51022800.0,13634754800.0,23240.0
2021-05-21T00:00:00,266.0,270.0,260.0,264.0,-2.0,45345800.0,11989563200.0,13175.0
2021-05-22T00:00:00,264.0,0.0,0.0,264.0,0.0,0.0,0.0,0.0
2021-05-24T00:00:00,264.0,272.0,262.0,264.0,0.0,57420800.0,15330475200.0,16356.0
2021-05-25T00:00:00,264.0,266.0,262.0,262.0,-2.0,22416700.0,5909349000.0,1325.0
2021-05-27T00:00:00,262.0,280.0,262.0,280.0,18.0,163053300.0,44718052600.0,6784.0
2021-05-28T00:00:00,280.0,284.0,272.0,274.0,-6.0,70288700.0,19527490000.0,4214.0
2021-05-31T00:00:00,274.0,280.0,270.0,272.0,-2.0,49098800.0,13498795600.0,8423.0
2021-06-02T00:00:00,272.0,292.0,272.0,292.0,20.0,118966900.0,33862401200.0,6946.0
2021-06-03T00:00:00,292.0,298.0,284.0,288.0,-4.0,67433300.0,19454145400.0,4147.0
2021-06-04T00:00:00,288.0,296.0,284.0,292.0,4.0,70757200.0,20507991800.0,4330.0
2021-06-07T00:00:00,292.0,336.0,292.0,332.0,40.0,581651700.0,183824378000.0,19129.0
2021-06-08T00:00:00,332.0,336.0,310.0,310.0,-22.0,389369300.0,123583908400.0,12124.0
2021-06-09T00:00:00,310.0,308.0,292.0,304.0,-6.0,243948700.0,73199094000.0,8232.0
2021-06-10T00:00:00,304.0,342.0,302.0,318.0,14.0,641016700.0,210257876200.0,22405.0
2021-06-11T00:00:00,318.0,328.0,308.0,308.0,-10.0,115133000.0,36058426600.0,6191.0
2021-06-14T00:00:00,308.0,312.0,296.0,296.0,-12.0,100843500.0,30431713000.0,5514.0
2021-06-15T00:00:00,296.0,308.0,286.0,292.0,-4.0,124105200.0,36531316600.0,5532.0
2021-06-16T00:00:00,292.0,298.0,288.0,288.0,-4.0,54482500.0,15844263600.0,3378.0
2021-06-17T00:00:00,288.0,292.0,282.0,282.0,-6.0,58470200.0,16728354800.0,3257.0
2021-06-18T00:00:00,282.0,310.0,274.0,278.0,-4.0,79431200.0,22309539400.0,4130.0
2021-06-21T00:00:00,278.0,278.0,266.0,272.0,-6.0,75611400.0,20466447200.0,3065.0
2021-06-22T00:00:00,272.0,282.0,274.0,278.0,6.0,38794100.0,10822068200.0,2199.0
2021-06-23T00:00:00,278.0,286.0,276.0,278.0,0.0,40700300.0,11402255600.0,2819.0
2021-06-24T00:00:00,278.0,280.0,272.0,276.0,-2.0,33986300.0,9365658600.0,1911.0
2021-06-25T00:00:00,276.0,288.0,268.0,270.0,-6.0,105893000.0,29386434600.0,4634.0
2021-06-28T00:00:00,270.0,274.0,268.0,272.0,2.0,48804700.0,13230444600.0,1958.0
2021-06-29T00:00:00,272.0,278.0,268.0,268.0,-4.0,69454000.0,18902320000.0,3554.0
2021-06-30T00:00:00,268.0,282.0,268.0,276.0,8.0,61747500.0,17088835400.0,2595.0
2021-07-01T00:00:00,276.0,280.0,272.0,274.0,-2.0,35921800.0,9921928800.0,2472.0
2021-07-02T00:00:00,274.0,282.0,274.0,278.0,4.0,30371400.0,8436178200.0,2448.0
2021-07-05T00:00:00,278.0,280.0,268.0,270.0,-8.0,58179700.0,15814929200.0,3119.0
2021-07-06T00:00:00,270.0,278.0,268.0,272.0,2.0,46818900.0,12736024000.0,2541.0
2021-07-07T00:00:00,272.0,276.0,270.0,272.0,0.0,25701200.0,7008374000.0,1878.0
2021-07-08T00:00:00,272.0,280.0,272.0,276.0,4.0,54000100.0,14942307400.0,2833.0
2021-07-09T00:00:00,276.0,278.0,270.0,272.0,-4.0,20266100.0,5533878000.0,1760.0
2021-07-12T00:00:00,272.0,276.0,268.0,268.0,-4.0,33833900.0,9140521600.0,2149.0
2021-07-13T00:00:00,268.0,272.0,260.0,262.0,-6.0,59836700.0,15917946600.0,3631.0
2021-07-14T00:00:00,262.0,266.0,258.0,260.0,-2.0,39099400.0,10207896200.0,2738.0
2021-07-15T00:00:00,260.0,264.0,258.0,262.0,2.0,14968500.0,3926356200.0,1436.0
2021-07-16T00:00:00,262.0,266.0,260.0,260.0,-2.0,31448000.0,8248113600.0,1910.0
2021-07-19T00:00:00,260.0,264.0,260.0,262.0,2.0,20272500.0,5309724800.0,1498.0
2021-07-21T00:00:00,262.0,268.0,262.0,264.0,2.0,21709000.0,5747392000.0,1530.0
2021-07-22T00:00:00,264.0,274.0,264.0,268.0,4.0,45185500.0,12143381000.0,2312.0
2021-07-23T00:00:00,268.0,272.0,266.0,270.0,2.0,18838800.0,5061335200.0,1282.0
2021-07-26T00:00:00,270.0,272.0,262.0,264.0,-6.0,42688800.0,11390866000.0,2491.0
2021-07-27T00:00:00,264.0,270.0,262.0,262.0,-2.0,27700600.0,7331609000.0,2053.0
2021-07-28T00:00:00,262.0,266.0,262.0,262.0,0.0,16796600.0,4422269400.0,1681.0
2021-07-29T00:00:00,262.0,266.0,260.0,262.0,0.0,19132100.0,5019316000.0,1644.0
2021-07-30T00:00:00,262.0,264.0,258.0,262.0,0.0,34007700.0,8873960400.0,2559.0
2021-08-02T00:00:00,262.0,264.0,260.0,262.0,0.0,21509600.0,5624202800.0,1790.0
2021-08-03T00:00:00,262.0,272.0,262.0,266.0,4.0,55834900.0,14930532200.0,3318.0
2021-08-04T00:00:00,266.0,274.0,264.0,266.0,0.0,64624300.0,17343431800.0,2679.0
2021-08-05T00:00:00,266.0,272.0,264.0,266.0,0.0,52722100.0,14121069200.0,2488.0
2021-08-06T00:00:00,266.0,290.0,266.0,276.0,10.0,243273500.0,67734776600.0,8888.0
2021-08-09T00:00:00,276.0,286.0,270.0,272.0,-4.0,91284600.0,25338395000.0,6886.0
2021-08-10T00:00:00,272.0,274.0,264.0,268.0,-4.0,41256300.0,11033097400.0,3015.0
2021-08-12T00:00:00,268.0,274.0,268.0,274.0,6.0,60156100.0,16297843800.0,2257.0
2021-08-13T00:00:00,274.0,276.0,270.0,272.0,-2.0,42467100.0,11560214000.0,1399.0
2021-08-16T00:00:00,272.0,274.0,266.0,270.0,-2.0,33120100.0,8959266400.0,1998.0
2021-08-18T00:00:00,270.0,278.0,268.0,270.0,0.0,46710600.0,12693179000.0,2254.0
2021-08-19T00:00:00,270.0,272.0,264.0,264.0,-6.0,53497700.0,14324403200.0,3305.0
2021-08-20T00:00:00,264.0,270.0,264.0,270.0,6.0,37727200.0,10117864800.0,1942.0
2021-08-23T00:00:00,270.0,282.0,270.0,280.0,10.0,129243900.0,35816203800.0,5353.0
2021-08-24T00:00:00,280.0,284.0,276.0,278.0,-2.0,46530600.0,13035965400.0,3220.0
2021-08-25T00:00:00,278.0,284.0,278.0,278.0,0.0,26326600.0,7362213600.0,1970.0
2021-08-26T00:00:00,278.0,282.0,276.0,278.0,0.0,30741600.0,8552809800.0,1577.0
2021-08-27T00:00:00,278.0,282.0,278.0,280.0,2.0,26564100.0,7411471200.0,1777.0
2021-08-30T00:00:00,280.0,288.0,280.0,282.0,2.0,49435000.0,14020723400.0,3224.0
2021-08-31T00:00:00,282.0,290.0,282.0,282.0,0.0,36187900.0,10309331600.0,2612.0
2021-09-01T00:00:00,282.0,284.0,276.0,278.0,-4.0,48731800.0,13617820000.0,2554.0
2021-09-02T00:00:00,278.0,280.0,276.0,278.0,0.0,23300700.0,6479270800.0,1329.0
2021-09-03T00:00:00,278.0,284.0,278.0,278.0,0.0,31449500.0,8792939600.0,1735.0
2021-09-06T00:00:00,278.0,284.0,276.0,282.0,4.0,34598600.0,9685630200.0,1905.0
2021-09-07T00:00:00,282.0,284.0,278.0,280.0,-2.0,18953500.0,5314170000.0,1366.0
2021-09-08T00:00:00,280.0,282.0,276.0,276.0,-4.0,25913200.0,7224591800.0,1419.0
2021-09-09T00:00:00,276.0,280.0,272.0,274.0,-2.0,26219000.0,7221361000.0,1849.0
2021-09-10T00:00:00,274.0,276.0,272.0,276.0,2.0,16597600.0,4555767600.0,1336.0
2021-09-13T00:00:00,276.0,282.0,274.0,278.0,2.0,30102300.0,8368058400.0,1678.0
2021-09-14T00:00:00,278.0,282.0,276.0,278.0,0.0,21185300.0,5882306200.0,1189.0
2021-09-15T00:00:00,278.0,278.0,274.0,276.0,-2.0,17646900.0,4871628600.0,1096.0
2021-09-16T00:00:00,276.0,278.0,274.0,274.0,-2.0,10865000.0,2990194600.0,1081.0
2021-09-17T00:00:00,274.0,276.0,270.0,270.0,-4.0,42434400.0,11500108000.0,2720.0
2021-09-20T00:00:00,270.0,272.0,264.0,266.0,-4.0,35305200.0,9418594400.0,2835.0
2021-09-21T00:00:00,266.0,268.0,264.0,268.0,2.0,23985500.0,6377932600.0,1796.0
2021-09-22T00:00:00,268.0,270.0,266.0,268.0,0.0,16566000.0,4436907200.0,1326.0
2021-09-23T00:00:00,268.0,270.0,266.0,266.0,-2.0,17467800.0,4687863200.0,1371.0
2021-09-24T00:00:00,266.0,270.0,266.0,266.0,0.0,21747600.0,5807989400.0,1636.0
2021-09-27T00:00:00,266.0,268.0,260.0,264.0,-2.0,38156900.0,10077284000.0,2432.0
2021-09-28T00:00:00,264.0,266.0,258.0,258.0,-6.0,83612800.0,21767720800.0,4121.0
2021-09-29T00:00:00,258.0,264.0,258.0,262.0,4.0,27704400.0,7212574800.0,2214.0
2021-09-30T00:00:00,262.0,266.0,262.0,264.0,2.0,29086400.0,7667294400.0,1842.0
2021-10-01T00:00:00,264.0,266.0,260.0,262.0,-2.0,24700700.0,6484450200.0,1925.0
2021-10-04T00:00:00,262.0,270.0,262.0,268.0,6.0,54437900.0,14579288600.0,2319.0
2021-10-05T00:00:00,268.0,270.0,264.0,266.0,-2.0,23404200.0,6245933200.0,1693.0
2021-10-06T00:00:00,266.0,274.0,266.0,270.0,4.0,51745200.0,14005578600.0,2415.0
2021-10-07T00:00:00,270.0,276.0,270.0,274.0,4.0,33997400.0,9295279400.0,2070.0
2021-10-08T00:00:00,274.0,280.0,272.0,276.0,2.0,51261500.0,14169523600.0,2231.0
2021-10-11T00:00:00,276.0,280.0,272.0,274.0,-2.0,26073800.0,7169158400.0,1599.0
2021-10-12T00:00:00,274.0,278.0,270.0,270.0,-4.0,71176800.0,19374496000.0,2216.0
2021-10-13T00:00:00,270.0,274.0,270.0,270.0,0.0,18930100.0,5125678800.0,1295.0
2021-10-14T00:00:00,270.0,274.0,270.0,274.0,4.0,25884200.0,7045670000.0,1320.0
2021-10-15T00:00:00,274.0,276.0,270.0,272.0,-2.0,19381700.0,5274491600.0,1271.0
2021-10-18T00:00:00,272.0,276.0,272.0,276.0,4.0,26783200.0,7344502800.0,1406.0
2021-10-19T00:00:00,276.0,280.0,274.0,280.0,4.0,40588400.0,11286865400.0,2398.0
2021-10-21T00:00:00,280.0,284.0,276.0,278.0,-2.0,32534900.0,9084366400.0,2526.0
2021-10-22T00:00:00,278.0,280.0,272.0,276.0,-2.0,28264000.0,7783053400.0,1516.0
2021-10-25T00:00:00,276.0,278.0,274.0,276.0,0.0,13778200.0,3807649000.0,1108.0
2021-10-26T00:00:00,276.0,278.0,274.0,274.0,-2.0,15108500.0,4151395600.0,1078.0
2021-10-27T00:00:00,274.0,276.0,266.0,268.0,-6.0,41273700.0,11124851600.0,2318.0
2021-10-28T00:00:00,268.0,270.0,264.0,266.0,-2.0,34665200.0,9193174800.0,2107.0
2021-10-29T00:00:00,266.0,270.0,264.0,270.0,4.0,16143000.0,4324581600.0,978.0
2021-11-01T00:00:00,270.0,272.0,266.0,268.0,-2.0,13679000.0,3674640400.0,1143.0
2021-11-02T00:00:00,268.0,270.0,266.0,268.0,0.0,10658500.0,2852485800.0,997.0
2021-11-03T00:00:00,268.0,270.0,264.0,268.0,0.0,12596500.0,3366206400.0,1076.0
2021-11-04T00:00:00,268.0,274.0,266.0,272.0,4.0,39543200.0,10698877400.0,2758.0
2021-11-05T00:00:00,272.0,278.0,272.0,276.0,4.0,35464300.0,9746844800.0,1999.0
2021-11-08T00:00:00,276.0,278.0,274.0,276.0,0.0,26178100.0,7225429800.0,1923.0
2021-11-09T00:00:00,276.0,280.0,274.0,276.0,0.0,25150200.0,6971008400.0,1705.0
2021-11-10T00:00:00,276.0,290.0,276.0,280.0,4.0,108545700.0,30776594600.0,4872.0
2021-11-11T00:00:00,280.0,282.0,276.0,278.0,-2.0,19448100.0,5426402600.0,1482.0
2021-11-12T00:00:00,278.0,280.0,274.0,274.0,-4.0,20080200.0,5528214000.0,1664.0
2021-11-15T00:00:00,274.0,284.0,274.0,280.0,6.0,55714400.0,15603351000.0,2312.0
2021-11-16T00:00:00,280.0,280.0,274.0,276.0,-4.0,22961400.0,6352333800.0,1385.0
2021-11-17T00:00:00,276.0,278.0,272.0,274.0,-2.0,18871700.0,5178301600.0,1127.0
2021-11-18T00:00:00,274.0,278.0,272.0,274.0,0.0,18338300.0,5028410800.0,1103.0
2021-11-19T00:00:00,274.0,278.0,272.0,274.0,0.0,14426700.0,3962040000.0,954.0
2021-11-22T00:00:00,274.0,278.0,272.0,274.0,0.0,22695400.0,6240402600.0,1874.0
2021-11-23T00:00:00,274.0,276.0,272.0,272.0,-2.0,13868800.0,3790159400.0,1005.0
2021-11-24T00:00:00,272.0,274.0,270.0,272.0,0.0,16008700.0,4346171000.0,815.0
2021-11-25T00:00:00,272.0,276.0,268.0,272.0,0.0,22389100.0,6091549600.0,923.0
2021-11-26T00:00:00,272.0,274.0,264.0,266.0,-6.0,40388700.0,10802515600.0,2233.0
2021-11-29T00:00:00,266.0,270.0,260.0,268.0,2.0,40475300.0,10718165400.0,1661.0
2021-11-30T00:00:00,268.0,270.0,264.0,266.0,-2.0,20907200.0,5569384800.0,1461.0
2021-12-01T00:00:00,266.0,270.0,262.0,262.0,-4.0,29450700.0,7820448000.0,1777.0
2021-12-02T00:00:00,262.0,268.0,262.0,266.0,4.0,14098300.0,3736628600.0,960.0
2021-12-03T00:00:00,266.0,274.0,266.0,268.0,2.0,24213700.0,6529062200.0,1401.0
2021-12-06T00:00:00,268.0,272.0,266.0,266.0,-2.0,16681100.0,4480961400.0,970.0
2021-12-07T00:00:00,266.0,272.0,266.0,268.0,2.0,17638500.0,4747149400.0,1019.0
2021-12-08T00:00:00,268.0,270.0,262.0,262.0,-6.0,43389400.0,11511075200.0,1893.0
2021-12-09T00:00:00,262.0,266.0,262.0,264.0,2.0,54729600.0,14448301800.0,2068.0
2021-12-10T00:00:00,264.0,266.0,262.0,262.0,-2.0,32881500.0,8657981800.0,1720.0
2021-12-13T00:00:00,262.0,266.0,262.0,264.0,2.0,36023900.0,9504148800.0,1322.0
2021-12-14T00:00:00,264.0,264.0,262.0,264.0,0.0,14289100.0,3755647200.0,938.0
2021-12-15T00:00:00,264.0,266.0,262.0,264.0,0.0,20687800.0,5454728000.0,1360.0
2021-12-16T00:00:00,264.0,266.0,262.0,262.0,-2.0,15511400.0,4084712000.0,1336.0
2021-12-17T00:00:00,262.0,264.0,260.0,260.0,-2.0,15508100.0,4062218600.0,1218.0
2021-12-20T00:00:00,260.0,262.0,258.0,258.0,-2.0,21291000.0,5531951000.0,1547.0
2021-12-21T00:00:00,258.0,262.0,258.0,260.0,2.0,12902300.0,3357280600.0,1138.0
2021-12-22T00:00:00,260.0,266.0,260.0,262.0,2.0,24254400.0,6367925000.0,1552.0
2021-12-23T00:00:00,262.0,266.0,260.0,260.0,-2.0,14826300.0,3877601800.0,865.0
2021-12-24T00:00:00,260.0,262.0,260.0,260.0,0.0,15852900.0,4135656600.0,800.0
2021-12-27T00:00:00,260.0,264.0,260.0,262.0,2.0,8979800.0,2357316400.0,759.0
2021-12-28T00:00:00,262.0,266.0,262.0,264.0,2.0,16844500.0,4444446600.0,1127.0
2021-12-29T00:00:00,264.0,266.0,262.0,262.0,-2.0,9600100.0,2523502400.0,868.0
2021-12-30T00:00:00,262.0,264.0,260.0,260.0,-2.0,17121700.0,4476986400.0,1055.0
2022-01-03T00:00:00,260.0,266.0,260.0,262.0,2.0,18532100.0,4871812800.0,1412.0
2022-01-04T00:00:00,262.0,268.0,262.0,264.0,2.0,12923000.0,3425702400.0,1239.0
2022-01-05T00:00:00,264.0,266.0,262.0,262.0,-2.0,9261900.0,2442876800.0,956.0
2022-01-06T00:00:00,262.0,264.0,260.0,262.0,0.0,15757800.0,4135825400.0,1103.0
2022-01-07T00:00:00,262.0,264.0,258.0,258.0,-4.0,38386100.0,9968894400.0,2397.0
2022-01-10T00:00:00,258.0,262.0,256.0,258.0,0.0,28503400.0,7354740000.0,2011.0
2022-01-11T00:00:00,258.0,260.0,248.0,250.0,-8.0,54154200.0,13649629800.0,3828.0
2022-01-12T00:00:00,250.0,254.0,250.0,250.0,0.0,21710500.0,5449349800.0,1781.0
2022-01-13T00:00:00,250.0,254.0,248.0,252.0,2.0,14145000.0,3547473400.0,1098.0
2022-01-14T00:00:00,252.0,254.0,250.0,250.0,-2.0,16022000.0,4012445800.0,1241.0
2022-01-17T00:00:00,250.0,252.0,246.0,246.0,-4.0,24369300.0,6049234200.0,1840.0
2022-01-18T00:00:00,246.0,248.0,242.0,244.0,-2.0,19271500.0,4705172000.0,1379.0
2022-01-19T00:00:00,244.0,246.0,240.0,244.0,0.0,27544200.0,6679495200.0,2229.0
2022-01-20T00:00:00,244.0,244.0,240.0,240.0,-4.0,23601700.0,5689254200.0,2362.0
2022-01-21T00:00:00,240.0,248.0,240.0,244.0,4.0,28283100.0,6881762800.0,2775.0
2022-01-24T00:00:00,244.0,248.0,240.0,244.0,0.0,28939600.0,7033405800.0,3416.0
2022-01-25T00:00:00,244.0,246.0,238.0,240.0,-4.0,28091100.0,6729463200.0,2144.0
2022-01-26T00:00:00,240.0,250.0,238.0,244.0,4.0,45421400.0,11001960200.0,3977.0
2022-01-27T00:00:00,244.0,244.0,238.0,240.0,-4.0,42181400.0,10152171200.0,2096.0
2022-01-28T00:00:00,240.0,242.0,236.0,242.0,2.0,17809900.0,4253096400.0,1611.0
2022-01-31T00:00:00,242.0,254.0,240.0,252.0,10.0,34897900.0,8722992800.0,2483.0
2022-02-02T00:00:00,252.0,256.0,248.0,250.0,-2.0,49746800.0,12514168600.0,4364.0
2022-02-03T00:00:00,250.0,252.0,244.0,246.0,-4.0,30395700.0,7503430600.0,1954.0
2022-02-04T00:00:00,246.0,254.0,244.0,248.0,2.0,33625800.0,8370656200.0,1996.0
2022-02-07T00:00:00,248.0,256.0,248.0,256.0,8.0,34476300.0,8741739200.0,1791.0
2022-02-08T00:00:00,256.0,260.0,252.0,254.0,-2.0,28569100.0,7297458600.0,1817.0
2022-02-09T00:00:00,254.0,272.0,254.0,264.0,10.0,169260300.0,45187136800.0,7954.0
2022-02-10T00:00:00,264.0,278.0,264.0,266.0,2.0,104666600.0,28400935000.0,7397.0
2022-02-11T00:00:00,266.0,274.0,264.0,266.0,0.0,48382200.0,12971515800.0,2308.0
2022-02-14T00:00:00,266.0,268.0,256.0,262.0,-4.0,32049500.0,8376453600.0,2228.0
2022-02-15T00:00:00,262.0,264.0,260.0,262.0,0.0,18138300.0,4751373000.0,1231.0
2022-02-16T00:00:00,262.0,270.0,262.0,262.0,0.0,33982600.0,8993838800.0,1438.0
2022-02-17T00:00:00,262.0,264.0,260.0,260.0,-2.0,23577600.0,6159190400.0,1164.0
2022-02-18T00:00:00,260.0,268.0,258.0,266.0,6.0,43565800.0,11503989400.0,1891.0
2022-02-21T00:00:00,266.0,272.0,262.0,262.0,-4.0,40051500.0,10660180000.0,2916.0
2022-02-22T00:00:00,262.0,264.0,260.0,260.0,-2.0,19809300.0,5171279000.0,1288.0
2022-02-23T00:00:00,260.0,262.0,258.0,260.0,0.0,10825600.0,2814396000.0,1058.0
2022-02-24T00:00:00,260.0,262.0,248.0,250.0,-10.0,64241300.0,16208321400.0,3315.0
2022-02-25T00:00:00,250.0,256.0,246.0,254.0,4.0,17222700.0,4344975400.0,1203.0
2022-03-01T00:00:00,254.0,256.0,252.0,252.0,-2.0,18716600.0,4744020000.0,1333.0
2022-03-02T00:00:00,252.0,254.0,248.0,248.0,-4.0,33745900.0,8444486600.0,2100.0
2022-03-04T00:00:00,248.0,250.0,244.0,244.0,-4.0,44745900.0,11001626600.0,2423.0
2022-03-07T00:00:00,244.0,250.0,242.0,248.0,4.0,32774700.0,8034071400.0,2043.0
2022-03-08T00:00:00,248.0,250.0,242.0,244.0,-4.0,22206500.0,5436477600.0,1640.0
2022-03-09T00:00:00,244.0,248.0,240.0,244.0,0.0,28166800.0,6832975000.0,1539.0
2022-03-10T00:00:00,244.0,250.0,242.0,248.0,4.0,24389600.0,6005017600.0,1452.0
2022-03-11T00:00:00,248.0,250.0,246.0,246.0,-2.0,17397400.0,4308318200.0,1020.0
2022-03-14T00:00:00,246.0,250.0,244.0,246.0,0.0,10629300.0,2619312800.0,1100.0
2022-03-15T00:00:00,246.0,246.0,242.0,244.0,-2.0,15742500.0,3844448800.0,1156.0
2022-03-16T00:00:00,244.0,248.0,242.0,242.0,-2.0,11678600.0,2844789600.0,1095.0
2022-03-17T00:00:00,242.0,246.0,242.0,244.0,2.0,10981500.0,2681042400.0,1107.0
2022-03-18T00:00:00,244.0,246.0,242.0,244.0,0.0,17411100.0,4251861800.0,854.0
2022-03-21T00:00:00,244.0,250.0,244.0,248.0,4.0,36582000.0,9046090200.0,1379.0
2022-03-22T00:00:00,248.0,252.0,246.0,250.0,2.0,25250200.0,6288091000.0,1343.0
2022-03-23T00:00:00,250.0,254.0,248.0,252.0,2.0,24265400.0,6113817200.0,1078.0
2022-03-24T00:00:00,252.0,258.0,252.0,252.0,0.0,27925100.0,7096100600.0,1907.0
2022-03-25T00:00:00,252.0,254.0,250.0,250.0,-2.0,13781000.0,3458507200.0,952.0
2022-03-28T00:00:00,250.0,258.0,250.0,254.0,4.0,26981900.0,6892167000.0,1505.0
2022-03-29T00:00:00,254.0,258.0,252.0,254.0,0.0,20380200.0,5198943600.0,967.0
2022-03-30T00:00:00,254.0,272.0,254.0,270.0,16.0,172792900.0,45333108600.0,5510.0
2022-03-31T00:00:00,270.0,274.0,260.0,260.0,-10.0,54926700.0,14599951000.0,3401.0
2022-04-01T00:00:00,260.0,266.0,258.0,264.0,4.0,20303100.0,5334832200.0,1395.0
